model,accuracy,precision,recall,f1,roc_auc,confusion_matrix
Logistic Regression,0.545,0.33163265306122447,0.5603448275862069,0.4166666666666667,0.53308644973288,"[[153, 131], [51, 65]]"
Random Forest,0.64,0.28125,0.15517241379310345,0.2,0.49374696454589606,"[[238, 46], [98, 18]]"
Gradient Boosting,0.675,0.25,0.0603448275862069,0.09722222222222222,0.4631495871782419,"[[263, 21], [109, 7]]"
